,用户号,设备号,点播日期,节目名称,点播金额,点播金额.元.,二级目录
0,10004,11186,20170716,分裂,999,9.99,院线大片
1,10004,11186,20170716,破冰船,499,4.99,精彩点
2,10004,11186,20170818,逆时营救,999,9.99,院线大片
3,10012,10149,20170702,幽游白书,99,0.99,动漫剧场
4,10012,10149,20170704,蓝精灵：寻找神秘村,999,9.99,院线大片
5,10012,10149,20170711,巧虎来啦,49,0.49,少儿乐园
6,10012,10149,20170903,海底小纵队,99,0.99,动漫剧场
7,10012,10149,20170910,三生三世十里桃花,999,9.99,院线大片
8,10012,10149,20170928,银河护卫队2,999,9.99,院线大片
9,10025,10114,20170901,海底小纵队,99,0.99,动漫剧场
10,10064,10645,20170806,人民的名义,99,0.99,精彩点
11,10064,10645,20170807,人民的名义,99,0.99,精彩点
12,10064,10645,20170807,人民的名义,99,0.99,精彩点
13,10082,11141,20170906,讲古：惠来海角甘泉,50,0.5,潮语专区
14,10082,11141,20170906,讲古：贼,50,0.5,潮语专区
15,10085,10452,20170808,速度与激情8,999,9.99,院线大片
16,10088,11234,20170807,血狼犬,999,9.99,院线大片
17,10088,11234,20170811,摔跤吧！爸爸,999,9.99,院线大片
18,10089,10291,20170815,魔法俏佳人 第一季,499,4.99,少儿乐园
19,10089,10291,20170815,魔法俏佳人 第一季,499,4.99,少儿乐园
20,10089,10291,20170815,魔法俏佳人 第一季,499,4.99,少儿乐园
21,10089,10291,20170815,魔法俏佳人 第一季,499,4.99,少儿乐园
22,10104,10349,20170714,摔跤吧！爸爸,999,9.99,院线大片
23,10105,10785,20170707,猪猪侠：光明守卫者·上部,99,0.99,动漫剧场
24,10105,10785,20170708,猪猪侠：光明守卫者·上部,99,0.99,动漫剧场
25,10107,11259,20170827,同盟,99,0.99,精彩点
26,10107,11259,20170827,同盟,99,0.99,精彩点
27,10107,11259,20170828,同盟,99,0.99,精彩点
28,10107,11259,20170828,同盟,99,0.99,精彩点
29,10107,11259,20170828,同盟,99,0.99,精彩点
30,10107,11259,20170828,同盟,99,0.99,精彩点
31,10107,11259,20170828,同盟,99,0.99,精彩点
32,10107,11259,20170828,同盟,99,0.99,精彩点
33,10115,11179,20170813,巧虎来啦,49,0.49,少儿乐园
34,10115,11179,20170813,08月09日 智慧树,49,0.49,少儿乐园
35,10115,11179,20170813,08月10日 智慧树,49,0.49,少儿乐园
36,10115,11179,20170813,08月01日 七巧板,49,0.49,少儿乐园
37,10115,11179,20170919,曹格演唱会,199,1.99,热门影视
38,10129,11001,20170725,胜利的游戏 第一季：曹云金吐槽假脸李小璐,99,0.99,热门影视
39,10129,11001,20170726,屌丝男士 第二季,99,0.99,热门影视
40,10129,11001,20170818,银河护卫队2,999,9.99,院线大片
41,10129,11001,20170820,长城,999,9.99,院线大片
42,10131,10630,20170830,我的前半生,99,0.99,精彩点
43,10131,10630,20170830,我的前半生,99,0.99,精彩点
44,10131,10630,20170830,我的前半生,99,0.99,精彩点
45,10131,10630,20170831,我的前半生,99,0.99,精彩点
46,10131,10630,20170831,我的前半生,99,0.99,精彩点
47,10131,10630,20170831,我的前半生,99,0.99,精彩点
48,10131,10630,20170831,我的前半生,99,0.99,精彩点
49,10131,10630,20170910,我的前半生,99,0.99,精彩点
50,10131,10630,20170910,我的前半生,99,0.99,精彩点
51,10131,10630,20170910,我的前半生,99,0.99,精彩点
52,10131,10630,20170910,我的前半生,99,0.99,精彩点
53,10131,10630,20170910,我的前半生,99,0.99,精彩点
54,10131,10630,20170911,我的前半生,99,0.99,精彩点
55,10131,10630,20170911,我的前半生,99,0.99,精彩点
56,10131,10630,20170911,我的前半生,99,0.99,精彩点
57,10131,10630,20170911,我的前半生,99,0.99,精彩点
58,10131,10630,20170911,我的前半生,99,0.99,精彩点
59,10131,10630,20170912,我的前半生,99,0.99,精彩点
60,10131,10630,20170912,我的前半生,99,0.99,精彩点
61,10131,10630,20170913,我的前半生,99,0.99,精彩点
62,10131,10630,20170913,我的前半生,99,0.99,精彩点
63,10131,10630,20170913,我的前半生,99,0.99,精彩点
64,10131,10630,20170915,欢乐颂2,99,0.99,精彩点
65,10131,10630,20170917,欢乐颂2,99,0.99,精彩点
66,10131,10630,20170921,欢乐颂2,99,0.99,精彩点
67,10131,10630,20170921,使徒行者2,99,0.99,精彩点
68,10131,10630,20170922,欢乐颂2,99,0.99,精彩点
69,10131,10630,20170924,欢乐颂2,99,0.99,精彩点
70,10133,11053,20170706,精灵梦叶罗丽,49,0.49,动漫剧场
71,10133,11053,20170706,精灵梦叶罗丽3,99,0.99,动漫剧场
72,10133,11053,20170711,精灵梦叶罗丽2,99,0.99,动漫剧场
73,10133,11053,20170712,精灵梦叶罗丽2,99,0.99,动漫剧场
74,10133,11053,20170712,精灵梦叶罗丽2,99,0.99,动漫剧场
75,10133,11053,20170717,精灵梦叶罗丽2,99,0.99,动漫剧场
76,10133,11053,20170717,精灵梦叶罗丽2,99,0.99,动漫剧场
77,10133,11053,20170717,精灵梦叶罗丽2,99,0.99,动漫剧场
78,10133,11053,20170718,精灵梦叶罗丽2,99,0.99,动漫剧场
79,10133,11053,20170903,07月02日 小花仙,49,0.49,精彩点
80,10133,11053,20170903,07月01日 小花仙,49,0.49,精彩点
81,10133,11053,20170915,镇魂街 第一季,99,0.99,热门影视
82,10133,11053,20170915,雄狮,999,9.99,院线大片
83,10133,11053,20170917,爱丽丝梦游仙境,499,4.99,热点专题
84,10138,10058,20170708,巧虎来啦,49,0.49,少儿乐园
85,10138,10058,20170708,巧虎来啦,49,0.49,少儿乐园
86,10138,10058,20170708,05月05日 快乐大巴,49,0.49,少儿乐园
87,10138,10058,20170708,巧虎来啦,49,0.49,少儿乐园
88,10138,10058,20170708,小猪佩奇 第三季,499,4.99,少儿乐园
89,10138,10058,20170709,巧虎来啦,49,0.49,少儿乐园
90,10138,10058,20170709,托马斯和他的朋友们 第十五季,499,4.99,少儿乐园
91,10138,10058,20170709,巧虎来啦,49,0.49,少儿乐园
92,10138,10058,20170709,小猪佩奇 第三季,499,4.99,少儿乐园
93,10138,10058,20170709,小猪佩奇 第三季,499,4.99,少儿乐园
94,10138,10058,20170710,巧虎来啦,49,0.49,少儿乐园
95,10138,10058,20170710,小猪佩奇 第四季,499,4.99,少儿乐园
96,10138,10058,20170713,巧虎来啦,49,0.49,少儿乐园
97,10138,10058,20170715,巧虎来啦,49,0.49,少儿乐园
98,10138,10058,20170715,小猪佩奇 第三季,499,4.99,少儿乐园
99,10138,10058,20170716,巧虎来啦,49,0.49,少儿乐园
100,10138,10058,20170716,小猪佩奇 第三季,499,4.99,少儿乐园
101,10138,10058,20170719,生化危机：终章,999,9.99,院线大片
102,10138,10058,20170722,超级飞侠3,99,0.99,动漫剧场
103,10138,10058,20170723,摔跤吧！爸爸,999,9.99,院线大片
104,10138,10058,20170723,巧虎来啦,49,0.49,少儿乐园
105,10138,10058,20170727,巧虎来啦,49,0.49,少儿乐园
106,10138,10058,20170731,巧虎来啦,49,0.49,少儿乐园
107,10138,10058,20170731,巧虎来啦,49,0.49,少儿乐园
108,10138,10058,20170801,巧虎来啦,49,0.49,少儿乐园
109,10138,10058,20170801,小猪佩奇 第三季,499,4.99,少儿乐园
110,10138,10058,20170804,女间谍,999,9.99,院线大片
111,10138,10058,20170807,美好的意外,999,9.99,院线大片
112,10138,10058,20170807,速度与激情8,999,9.99,院线大片
113,10138,10058,20170808,巧虎来啦,49,0.49,少儿乐园
114,10138,10058,20170808,巧虎来啦,49,0.49,少儿乐园
115,10138,10058,20170810,巧虎来啦,49,0.49,少儿乐园
116,10138,10058,20170813,托马斯和他的朋友们 第十五季,499,4.99,少儿乐园
117,10138,10058,20170813,巧虎来啦,49,0.49,少儿乐园
118,10138,10058,20170814,巧虎来啦,49,0.49,少儿乐园
119,10138,10058,20170814,托马斯和他的朋友们 第十四季,499,4.99,少儿乐园
120,10138,10058,20170816,巧虎来啦,49,0.49,少儿乐园
121,10138,10058,20170817,巧虎来啦,49,0.49,少儿乐园
122,10138,10058,20170818,巧虎来啦,49,0.49,少儿乐园
123,10138,10058,20170823,小猪佩奇 第四季,499,4.99,少儿乐园
124,10138,10058,20170823,巧虎来啦,49,0.49,少儿乐园
125,10138,10058,20170828,雄狮,999,9.99,院线大片
126,10138,10058,20170828,异星觉醒,999,9.99,院线大片
127,10138,10058,20170828,巧虎来啦,49,0.49,少儿乐园
128,10138,10058,20170830,巧虎来啦,49,0.49,少儿乐园
129,10138,10058,20170830,你的名字,999,9.99,院线大片
130,10138,10058,20170901,托马斯和他的朋友们 第十四季,499,4.99,少儿乐园
131,10138,10058,20170901,巧虎来啦,49,0.49,少儿乐园
132,10138,10058,20170904,绣春刀II：修罗战场,999,9.99,院线大片
133,10138,10058,20170907,巧虎来啦,49,0.49,少儿乐园
134,10138,10058,20170909,巧虎来啦,49,0.49,少儿乐园
135,10138,10058,20170909,小猪佩奇 第三季,499,4.99,少儿乐园
136,10138,10058,20170909,巧虎来啦,49,0.49,少儿乐园
137,10138,10058,20170912,巧虎来啦,49,0.49,少儿乐园
138,10138,10058,20170913,巧虎来啦,49,0.49,少儿乐园
139,10138,10058,20170913,托马斯和他的朋友们 第十五季,499,4.99,少儿乐园
140,10138,10058,20170913,绣春刀II：修罗战场,999,9.99,院线大片
141,10138,10058,20170914,巧虎来啦,49,0.49,少儿乐园
142,10138,10058,20170914,托马斯和他的朋友们 第十五季,499,4.99,少儿乐园
143,10138,10058,20170916,巧虎来啦,49,0.49,少儿乐园
144,10138,10058,20170916,巧虎来啦,49,0.49,少儿乐园
145,10138,10058,20170916,巧虎来啦,49,0.49,少儿乐园
146,10138,10058,20170916,巧虎来啦,49,0.49,少儿乐园
147,10138,10058,20170917,巧虎来啦,49,0.49,少儿乐园
148,10138,10058,20170918,巧虎来啦,49,0.49,少儿乐园
149,10138,10058,20170919,巧虎来啦,49,0.49,少儿乐园
150,10148,10280,20170729,奥特银河大怪兽之战,499,4.99,少儿乐园
151,10148,10280,20170810,逆时营救,999,9.99,院线大片
152,10148,10280,20170825,逆时营救,999,9.99,院线大片
153,10152,11255,20170822,临时演员,999,9.99,院线大片
154,10152,11255,20170822,血狼犬,999,9.99,院线大片
155,10152,11255,20170922,银河护卫队2,999,9.99,院线大片
156,10152,11255,20170925,女间谍,999,9.99,院线大片
157,10168,10343,20170721,吃吃的爱,999,9.99,院线大片
158,10175,10257,20170928,捷德奥特曼,99,0.99,动漫剧场
159,10195,11291,20170924,摔跤吧！爸爸,999,9.99,院线大片
160,10213,10735,20170923,人间至味是清欢,99,0.99,精彩点
161,10213,10735,20170924,人间至味是清欢,99,0.99,精彩点
162,10213,10735,20170924,人间至味是清欢,99,0.99,精彩点
163,10213,10735,20170924,人间至味是清欢,99,0.99,精彩点
164,10213,10735,20170924,人间至味是清欢,99,0.99,精彩点
165,10213,10735,20170924,人间至味是清欢,99,0.99,精彩点
166,10213,10735,20170925,人间至味是清欢,99,0.99,精彩点
167,10213,10735,20170925,人间至味是清欢,99,0.99,精彩点
168,10213,10735,20170925,人间至味是清欢,99,0.99,精彩点
169,10213,10735,20170925,人间至味是清欢,99,0.99,精彩点
170,10213,10735,20170930,绣春刀II：修罗战场,999,9.99,院线大片
171,10228,10954,20170916,银河护卫队2,999,9.99,院线大片
172,10228,10954,20170916,愤怒的小鸟 第一季,49,0.49,动漫剧场
173,10228,10954,20170916,新木乃伊,999,9.99,院线大片
174,10234,10345,20170712,西游伏妖篇,999,9.99,院线大片
175,10234,10345,20170923,神偷奶爸3,999,9.99,院线大片
176,10234,10345,20170923,博人传 火影忍者新时代,99,0.99,动漫剧场
177,10234,10345,20170923,银河护卫队2,999,9.99,院线大片
178,10234,10345,20170929,我的英雄学院,99,0.99,动漫剧场
179,10234,10345,20170930,我的英雄学院,99,0.99,动漫剧场
180,10234,10345,20170930,我的英雄学院,99,0.99,动漫剧场
181,10234,10345,20170930,我的英雄学院,99,0.99,动漫剧场
182,10234,10345,20170930,我的英雄学院,99,0.99,动漫剧场
183,10242,10090,20170827,窈窕绅士,499,4.99,精彩点
184,10247,11175,20170723,07月22日 非诚勿扰：高颜值小鲜肉被女嘉宾调戏,99,0.99,精彩点
185,10258,10784,20170715,Clannad 第一季,99,0.99,动漫剧场
186,10259,10506,20170822,银河护卫队2,999,9.99,院线大片
187,10264,10660,20170708,拆弹专家,999,9.99,院线大片
188,10264,10660,20170708,异星觉醒,999,9.99,院线大片
189,10264,10660,20170710,摔跤吧！爸爸,999,9.99,院线大片
190,10264,10660,20170710,生化危机：终章,999,9.99,院线大片
191,10272,10416,20170831,杀破狼,499,4.99,热点专题
192,10273,11218,20170701,06月30日 奔跑吧：收官之战！邓超遇王力宏变迷弟,99,0.99,精彩点
193,10273,11218,20170702,07月01日 快乐大本营：刘恺威魏大勋COS偶像演绎串烧,99,0.99,精彩点
194,10273,11218,20170718,07月07日 奔跑吧：奔跑团探班 鹿晗热巴二次元对话萌翻,99,0.99,精彩点
195,10273,11218,20170718,07月15日 快乐大本营：Angelababy嗨玩双截棍,99,0.99,精彩点
196,10273,11218,20170721,03月25日 王牌对王牌 第二季：王源演技爆发成烈士,99,0.99,精彩点
197,10273,11218,20170721,03月10日 王牌对王牌 第二季：爱情公寓8周年重聚,99,0.99,精彩点
198,10273,11218,20170722,神偷奶爸2,499,4.99,热点专题
199,10273,11218,20170723,07月22日 快乐大本营：范爷胡歌送祝福惹哭何老师,99,0.99,精彩点
200,10273,11218,20170724,07月22日 中餐厅：赵薇晓明“相爱相杀”,99,0.99,精彩点
201,10273,11218,20170727,03月31日 王牌对王牌 第二季：王源林俊杰隔空互动,99,0.99,精彩点
202,10273,11218,20170728,04月07日 王牌对王牌 第二季：王源魔幻弹唱 贾玲辣眼cos白浅,99,0.99,精彩点
203,10273,11218,20170730,07月29日 快乐大本营：TFBOYS献唱快本最新主题曲,99,0.99,精彩点
204,10273,11218,20170803,07月29日 中餐厅：张亮展厨艺圈粉周冬雨,99,0.99,精彩点
205,10273,11218,20170808,08月05日 中餐厅：黄晓明再掀定价风波,99,0.99,精彩点
206,10273,11218,20170820,08月18日 我们来了 第二季：陈妍希展现跳远绝技,99,0.99,精彩点
207,10273,11218,20170903,09月01日 我们来了 第二季：宋茜被辣哭贡献表情包,99,0.99,精彩点
208,10273,11218,20170909,09月08日 我们来了 第二季：陈妍希携吴秀波唱情歌,99,0.99,精彩点
209,10273,11218,20170924,09月22日 我们来了 第二季：关之琳隐藏技能大爆发,99,0.99,精彩点
210,10289,10413,20170708,巧虎来啦,49,0.49,少儿乐园
211,10289,10413,20170710,摔跤吧！爸爸,999,9.99,院线大片
212,10299,10015,20170708,我的一九九七,99,0.99,精彩点
213,10299,10015,20170713,我的一九九七,99,0.99,精彩点
214,10299,10015,20170713,我的一九九七,99,0.99,精彩点
215,10299,10015,20170718,我的前半生,99,0.99,精彩点
216,10299,10015,20170730,楚乔传,99,0.99,精彩点
217,10299,10015,20170803,楚乔传,99,0.99,精彩点
218,10299,10015,20170803,楚乔传,99,0.99,精彩点
219,10299,10015,20170812,楚乔传,99,0.99,精彩点
220,10299,10015,20170812,楚乔传,99,0.99,精彩点
221,10299,10015,20170812,楚乔传,99,0.99,精彩点
222,10299,10015,20170812,楚乔传,99,0.99,精彩点
223,10299,10015,20170813,楚乔传,99,0.99,精彩点
224,10299,10015,20170813,楚乔传,99,0.99,精彩点
225,10299,10015,20170909,我们的爱,99,0.99,精彩点
226,10299,10015,20170909,我们的爱,99,0.99,精彩点
227,10299,10015,20170910,人间至味是清欢,99,0.99,精彩点
228,10299,10015,20170910,我们的爱,99,0.99,精彩点
229,10299,10015,20170911,秦时丽人明月心,99,0.99,精彩点
230,10299,10015,20170911,平凡岁月,99,0.99,精彩点
231,10299,10015,20170928,我的前半生,99,0.99,精彩点
232,10303,10500,20170909,人间至味是清欢,99,0.99,精彩点
233,10303,10500,20170909,我差点就信了,99,0.99,动漫剧场
234,10303,10500,20170909,09月01日 星原小宝,49,0.49,精彩点
235,10303,10500,20170909,小猪佩奇 第三季,499,4.99,少儿乐园
236,10303,10500,20170909,人间至味是清欢,99,0.99,精彩点
237,10303,10500,20170909,人间至味是清欢,99,0.99,精彩点
238,10303,10500,20170909,小猪佩奇 第四季,99,0.99,动漫剧场
239,10303,10500,20170909,人间至味是清欢,99,0.99,精彩点
240,10303,10500,20170911,人间至味是清欢,99,0.99,精彩点
241,10310,10371,20170804,蜘蛛侠3,499,4.99,热点专题
242,10310,10371,20170819,星际穿越,499,4.99,精彩点
243,10310,10371,20170819,银河护卫队2,999,9.99,院线大片
244,10310,10371,20170819,银河护卫队,499,4.99,热点专题
245,10310,10371,20170820,复仇者联盟,499,4.99,热点专题
246,10310,10371,20170825,嫌疑人X的献身,999,9.99,院线大片
247,10310,10371,20170826,异星觉醒,999,9.99,院线大片
248,10310,10371,20170918,那年花开月正圆,99,0.99,精彩点
249,10310,10371,20170918,那年花开月正圆,99,0.99,精彩点
250,10310,10371,20170918,那年花开月正圆,99,0.99,精彩点
251,10310,10371,20170919,那年花开月正圆,99,0.99,精彩点
252,10310,10371,20170919,那年花开月正圆,99,0.99,精彩点
253,10310,10371,20170919,那年花开月正圆,99,0.99,精彩点
254,10310,10371,20170919,那年花开月正圆,99,0.99,精彩点
255,10310,10371,20170919,那年花开月正圆,99,0.99,精彩点
256,10310,10371,20170919,那年花开月正圆,99,0.99,精彩点
257,10310,10371,20170923,神偷奶爸3,999,9.99,院线大片
258,10310,10371,20170923,那年花开月正圆,99,0.99,精彩点
259,10310,10371,20170923,那年花开月正圆,99,0.99,精彩点
260,10310,10371,20170923,那年花开月正圆,99,0.99,精彩点
261,10310,10371,20170923,那年花开月正圆,99,0.99,精彩点
262,10310,10371,20170924,那年花开月正圆,99,0.99,精彩点
263,10324,10788,20170910,白夜追凶,99,0.99,热门影视
264,10324,10788,20170911,白夜追凶,99,0.99,热门影视
265,10324,10788,20170911,白夜追凶,99,0.99,热门影视
266,10324,10788,20170911,白夜追凶,99,0.99,热门影视
267,10324,10788,20170914,白夜追凶,99,0.99,热门影视
268,10324,10788,20170914,白夜追凶,99,0.99,热门影视
269,10324,10788,20170918,白夜追凶,99,0.99,热门影视
270,10324,10788,20170923,白夜追凶,99,0.99,热门影视
271,10324,10788,20170929,白夜追凶,99,0.99,热门影视
272,10340,10758,20170924,他是龙,499,4.99,精彩点
273,10340,10758,20170926,疯狂原始人,499,4.99,精彩点
274,10340,10758,20170926,哆啦A梦 第一季,99,0.99,动漫剧场
275,10351,11135,20170831,悟空传,999,9.99,院线大片
276,10384,11215,20170703,夏至未至,99,0.99,精彩点
277,10384,11215,20170704,夏至未至,99,0.99,精彩点
278,10384,11215,20170802,我们的少年时代,99,0.99,精彩点
279,10384,11215,20170802,我们的少年时代,99,0.99,精彩点
280,10384,11215,20170802,我们的少年时代,99,0.99,精彩点
281,10384,11215,20170811,浪花一朵朵,99,0.99,精彩点
282,10384,11215,20170811,浪花一朵朵,99,0.99,精彩点
283,10384,11215,20170812,08月05日 中餐厅：黄晓明再掀定价风波,99,0.99,精彩点
284,10384,11215,20170823,浪花一朵朵,99,0.99,精彩点
285,10384,11215,20170823,浪花一朵朵,99,0.99,精彩点
286,10387,10312,20170713,变种章鲨,499,4.99,精彩点
287,10395,10396,20170701,楚乔传,99,0.99,精彩点
288,10395,10396,20170701,大军师司马懿之军师联盟,99,0.99,精彩点
289,10395,10396,20170701,大军师司马懿之军师联盟,99,0.99,精彩点
290,10395,10396,20170701,大军师司马懿之军师联盟,99,0.99,精彩点
291,10395,10396,20170701,大军师司马懿之军师联盟,99,0.99,精彩点
292,10395,10396,20170702,大军师司马懿之军师联盟,99,0.99,精彩点
293,10395,10396,20170702,大军师司马懿之军师联盟,99,0.99,精彩点
294,10395,10396,20170702,大军师司马懿之军师联盟,99,0.99,精彩点
295,10395,10396,20170702,大军师司马懿之军师联盟,99,0.99,精彩点
296,10395,10396,20170702,左轮手枪,99,0.99,精彩点
297,10395,10396,20170702,大军师司马懿之军师联盟,99,0.99,精彩点
298,10395,10396,20170702,大军师司马懿之军师联盟,99,0.99,精彩点
299,10395,10396,20170702,红色通道,99,0.99,精彩点
300,10395,10396,20170702,大军师司马懿之军师联盟,99,0.99,精彩点
301,10395,10396,20170702,反击,99,0.99,精彩点
302,10395,10396,20170702,美国司法,499,4.99,精彩点
303,10395,10396,20170702,反击,99,0.99,精彩点
304,10395,10396,20170702,大军师司马懿之军师联盟,99,0.99,精彩点
305,10395,10396,20170702,楚乔传,99,0.99,精彩点
306,10395,10396,20170702,大军师司马懿之军师联盟,99,0.99,精彩点
307,10395,10396,20170702,反击,99,0.99,精彩点
308,10395,10396,20170702,大军师司马懿之军师联盟,99,0.99,精彩点
310,10395,10396,20170703,大军师司马懿之军师联盟,99,0.99,精彩点
311,10395,10396,20170703,大军师司马懿之军师联盟,99,0.99,精彩点
312,10395,10396,20170703,反击,99,0.99,精彩点
313,10395,10396,20170703,大军师司马懿之军师联盟,99,0.99,精彩点
314,10395,10396,20170703,反击,99,0.99,精彩点
315,10395,10396,20170703,大军师司马懿之军师联盟,99,0.99,精彩点
316,10395,10396,20170703,反击,99,0.99,精彩点
317,10395,10396,20170706,反击,99,0.99,精彩点
318,10395,10396,20170706,反击,99,0.99,精彩点
319,10395,10396,20170706,楚乔传,99,0.99,精彩点
320,10395,10396,20170706,卧底归来,99,0.99,精彩点
321,10395,10396,20170706,卧底归来,99,0.99,精彩点
322,10395,10396,20170706,反击,99,0.99,精彩点
323,10395,10396,20170706,楚乔传,99,0.99,精彩点
324,10395,10396,20170706,07月02日 花儿与少年 第三季：陈柏霖责任感爆棚,99,0.99,精彩点
325,10395,10396,20170706,卧底归来,99,0.99,精彩点
326,10395,10396,20170706,反击,99,0.99,精彩点
327,10395,10396,20170707,反击,99,0.99,精彩点
328,10395,10396,20170707,反击,99,0.99,精彩点
329,10395,10396,20170707,反击,99,0.99,精彩点
330,10395,10396,20170707,反击,99,0.99,精彩点
331,10395,10396,20170707,反击,99,0.99,精彩点
332,10395,10396,20170710,大军师司马懿之军师联盟,99,0.99,精彩点
333,10395,10396,20170710,大军师司马懿之军师联盟,99,0.99,精彩点
334,10395,10396,20170822,速度与激情8,999,9.99,院线大片
335,10395,10396,20170916,悟空传,999,9.99,院线大片
336,10395,10396,20170916,女间谍,999,9.99,院线大片
337,10395,10396,20170917,新木乃伊,999,9.99,院线大片
338,10395,10396,20170930,心理罪,999,9.99,院线大片
339,10395,10396,20170930,生活大爆炸 第八季,99,0.99,热门影视
340,10395,10396,20170930,生活大爆炸 第八季,99,0.99,热门影视
341,10395,10396,20170930,生活大爆炸 第八季,99,0.99,热门影视
342,10395,10396,20170930,生活大爆炸 第八季,99,0.99,热门影视
343,10396,10119,20170707,血狼犬,999,9.99,院线大片
344,10405,11105,20170811,深夜食堂,99,0.99,精彩点
345,10418,11058,20170811,摔跤吧！爸爸,999,9.99,院线大片
346,10418,11058,20170821,血狼犬,999,9.99,院线大片
347,10420,10449,20170909,捷德奥特曼,99,0.99,动漫剧场
348,10420,10449,20170910,捷德奥特曼,99,0.99,动漫剧场
349,10440,10688,20170703,叶问3,799,7.99,热点专题
350,10440,10688,20170707,门徒,499,4.99,热点专题
351,10458,10796,20170830,08月25日 中国新歌声 第二季：周董E神上演嘻哈对决,99,0.99,精彩点
352,10458,10796,20170910,08月18日 超级飞侠二,49,0.49,精彩点
353,10458,10796,20170927,平凡岁月,99,0.99,精彩点
354,10458,10796,20170927,平凡岁月,99,0.99,精彩点
355,10512,10208,20170708,06月16日 奔跑吧：热巴林依晨变暴力姐妹花,99,0.99,精彩点
356,10512,10208,20170712,打工捱世界Ⅱ,99,0.99,精彩点
357,10512,10208,20170716,07月14日 中国新歌声 第二季：杰伦Eason对唱,99,0.99,精彩点
358,10512,10208,20170716,07月07日 奔跑吧：奔跑团探班 鹿晗热巴二次元对话萌翻,99,0.99,精彩点
359,10512,10208,20170722,火星情报局 第二季,99,0.99,精彩点
360,10512,10208,20170727,我的前半生,99,0.99,精彩点
361,10512,10208,20170727,我的前半生,99,0.99,精彩点
362,10512,10208,20170728,我的前半生,99,0.99,精彩点
363,10512,10208,20170728,我的前半生,99,0.99,精彩点
364,10512,10208,20170811,08月06日 极限挑战 第三季：五美惊喜空降男人帮,99,0.99,精彩点
365,10512,10208,20170811,07月07日 奔跑吧：奔跑团探班 鹿晗热巴二次元对话萌翻,99,0.99,精彩点
366,10512,10208,20170825,08月19日 中餐厅：泰国Mike携友惊喜来袭,99,0.99,精彩点
367,10512,10208,20170902,07月08日 诗书中华：胡涂兄妹又现神默契,99,0.99,精彩点
368,10512,10208,20170902,08月27日 极限挑战 第三季：张艺兴雪耻重振皮革厂,99,0.99,精彩点
369,10512,10208,20170903,08月19日 开心剧乐部：李晨变作战专家,99,0.99,精彩点
370,10512,10208,20170910,09月02日 开心剧乐部：张凯丽“喜当娘”狂收4位儿女,99,0.99,精彩点
371,10512,10208,20170917,火星情报局 第二季,99,0.99,精彩点
372,10512,10208,20170917,09月02日 开心剧乐部：张凯丽“喜当娘”狂收4位儿女,99,0.99,精彩点
373,10533,10098,20170706,咕噜咕噜美人鱼,499,4.99,精彩点
374,10533,10098,20170708,漂洋过海来爱你,499,4.99,精彩点
375,10533,10098,20170709,07月01日 猪猪侠之五灵守卫者,49,0.49,精彩点
376,10533,10098,20170711,破冰船,499,4.99,精彩点
377,10533,10098,20170711,傲慢与偏见与僵尸,499,4.99,精彩点
378,10533,10098,20170711,101次求婚,499,4.99,热点专题
379,10533,10098,20170713,我的前半生,99,0.99,精彩点
380,10533,10098,20170714,我的前半生,99,0.99,精彩点
381,10533,10098,20170719,我的前半生,99,0.99,精彩点
382,10533,10098,20170719,我的前半生,99,0.99,精彩点
383,10533,10098,20170720,我的前半生,99,0.99,精彩点
384,10533,10098,20170720,我的前半生,99,0.99,精彩点
385,10533,10098,20170720,我的前半生,99,0.99,精彩点
386,10533,10098,20170722,07月21日 赛尔号之幻梦战记,49,0.49,精彩点
387,10533,10098,20170722,龙黄蜂,499,4.99,精彩点
388,10533,10098,20170723,阿拉丁与神灯,499,4.99,精彩点
389,10533,10098,20170731,神秘事件,499,4.99,精彩点
390,10533,10098,20170731,07月24日 超级飞侠二,49,0.49,精彩点
391,10533,10098,20170809,07月29日 超级飞侠二,49,0.49,精彩点
392,10533,10098,20170814,火星情报局 第二季,99,0.99,精彩点
393,10533,10098,20170824,青禾男高,499,4.99,精彩点
394,10533,10098,20170825,冰川鲨鱼,499,4.99,精彩点
395,10533,10098,20170826,灰姑娘,499,4.99,精彩点
396,10533,10098,20170827,人间至味是清欢,99,0.99,精彩点
397,10533,10098,20170827,花咒,499,4.99,精彩点
398,10533,10098,20170827,08月12日 超级飞侠三,49,0.49,精彩点
399,10533,10098,20170830,重返20岁,499,4.99,精彩点
400,10533,10098,20170831,忍者神龟：变种时代,499,4.99,精彩点
401,10533,10098,20170901,牧野传奇,499,4.99,精彩点
402,10533,10098,20170901,美好的意外,499,4.99,精彩点
403,10533,10098,20170904,秦时丽人明月心,99,0.99,精彩点
404,10533,10098,20170904,07月19日 巨神战击队第三季,49,0.49,精彩点
405,10533,10098,20170905,07月20日 巨神战击队第三季,49,0.49,精彩点
406,10533,10098,20170912,07月16日 巨神战击队第三季,49,0.49,精彩点
407,10533,10098,20170921,07月18日 巨神战击队第三季,49,0.49,精彩点
408,10534,10807,20170710,长城,999,9.99,院线大片
409,10534,10807,20170903,绣春刀II：修罗战场,999,9.99,院线大片
410,10534,10807,20170910,海底小纵队 特别篇,99,0.99,动漫剧场
411,10538,10122,20170804,速度与激情8,999,9.99,院线大片
412,10560,10841,20170723,超级飞侠3,99,0.99,动漫剧场
413,10560,10841,20170903,汪汪队立大功 第一季,49,0.49,动漫剧场
414,10569,10854,20170820,迪迦奥特曼,49,0.49,动漫剧场
415,10570,10862,20170703,嫌疑人X的献身,999,9.99,院线大片
416,10570,10862,20170704,赌城群英会,99,0.99,精彩点
417,10570,10862,20170704,血狼犬,999,9.99,院线大片
418,10570,10862,20170705,赌城群英会,99,0.99,精彩点
419,10570,10862,20170707,喜欢你,999,9.99,院线大片
420,10570,10862,20170707,白鹿原,99,0.99,精彩点
421,10570,10862,20170709,鸟人,499,4.99,精彩点
422,10570,10862,20170818,楚乔传,99,0.99,精彩点
423,10570,10862,20170818,楚乔传,99,0.99,精彩点
424,10570,10862,20170829,悟空传,999,9.99,院线大片
425,10570,10862,20170902,绣春刀II：修罗战场,999,9.99,院线大片
426,10570,10862,20170919,武林外传,499,4.99,精彩点
427,10570,10862,20170920,女间谍,999,9.99,院线大片
428,10570,10862,20170921,杀破狼2,499,4.99,热点专题
429,10570,10862,20170930,反转人生,999,9.99,院线大片
430,10570,10862,20170930,心理罪,999,9.99,院线大片
431,10622,10910,20170812,摔跤吧！爸爸,999,9.99,院线大片
432,10636,10158,20170705,饥饿游戏,499,4.99,热点专题
433,10636,10158,20170906,吃吃的爱,499,4.99,精彩点
434,10636,10158,20170923,使徒行者2,99,0.99,精彩点
435,10636,10158,20170923,使徒行者2,99,0.99,精彩点
436,10636,10158,20170923,使徒行者2,99,0.99,精彩点
437,10636,10158,20170923,使徒行者2,99,0.99,精彩点
438,10645,10931,20170727,速度与激情8,999,9.99,院线大片
439,10674,10729,20170716,长城,999,9.99,院线大片
440,10674,10729,20170812,名侦探柯南,99,0.99,动漫剧场
441,10674,10729,20170812,名侦探柯南,99,0.99,动漫剧场
442,10675,11166,20170818,小马宝莉中文版,49,0.49,动漫剧场
443,10678,10462,20170707,05月26日 奔跑吧：陈赫玩烧脑怒怼邓超 刘涛被众疑超揪心,99,0.99,精彩点
444,10678,10462,20170710,06月16日 奔跑吧：热巴林依晨变暴力姐妹花,99,0.99,精彩点
445,10691,10664,20170803,速度与激情8,999,9.99,院线大片
446,10691,10664,20170806,女间谍,999,9.99,院线大片
447,10691,10664,20170814,逆时营救,999,9.99,院线大片
448,10691,10664,20170827,雄狮,999,9.99,院线大片
449,10691,10664,20170827,你的名字,999,9.99,院线大片
450,10691,10664,20170912,新木乃伊,999,9.99,院线大片
451,10693,10950,20170925,那年花开月正圆,99,0.99,精彩点
452,10693,10950,20170925,那年花开月正圆,99,0.99,精彩点
453,10693,10950,20170925,那年花开月正圆,99,0.99,精彩点
454,10693,10950,20170925,09月22日 极速前进 第四季：潜水女神贾静雯,99,0.99,精彩点
455,10693,10950,20170925,那年花开月正圆,99,0.99,精彩点
456,10695,10773,20170824,08月20日 我们相爱吧之爱有天意：吴昕潘玮柏十指相扣,99,0.99,精彩点
457,10696,10779,20170702,小马宝莉中文版,49,0.49,动漫剧场
458,10696,10779,20170702,小马宝莉中文版,49,0.49,动漫剧场
459,10696,10779,20170702,小马宝莉中文版,49,0.49,动漫剧场
460,10696,10779,20170702,小马宝莉中文版,49,0.49,动漫剧场
461,10696,10779,20170702,小马宝莉中文版,49,0.49,动漫剧场
462,10696,10779,20170702,小马宝莉中文版,49,0.49,动漫剧场
463,10696,10779,20170702,小马宝莉中文版,49,0.49,动漫剧场
464,10696,10779,20170702,小马宝莉中文版,49,0.49,动漫剧场
465,10696,10779,20170702,小马宝莉中文版,49,0.49,动漫剧场
466,10696,10779,20170702,小马宝莉中文版,49,0.49,动漫剧场
467,10696,10779,20170702,小马宝莉中文版,49,0.49,动漫剧场
468,10696,10779,20170702,小马宝莉中文版,49,0.49,动漫剧场
469,10696,10779,20170702,小马宝莉中文版,49,0.49,动漫剧场
470,10696,10779,20170702,小马宝莉中文版,49,0.49,动漫剧场
471,10696,10779,20170702,小马宝莉中文版,49,0.49,动漫剧场
472,10696,10779,20170702,小马宝莉中文版,49,0.49,动漫剧场
473,10696,10779,20170702,小马宝莉中文版,49,0.49,动漫剧场
474,10696,10779,20170702,小马宝莉中文版,49,0.49,动漫剧场
475,10696,10779,20170702,小马宝莉中文版,49,0.49,动漫剧场
476,10696,10779,20170702,小马宝莉中文版,49,0.49,动漫剧场
477,10696,10779,20170702,小马宝莉中文版,49,0.49,动漫剧场
478,10696,10779,20170703,小马宝莉中文版,49,0.49,动漫剧场
479,10696,10779,20170703,樱桃小丸子,49,0.49,动漫剧场
480,10696,10779,20170703,小马宝莉中文版,49,0.49,动漫剧场
481,10696,10779,20170703,小马宝莉中文版,49,0.49,动漫剧场
482,10696,10779,20170703,小马宝莉中文版,49,0.49,动漫剧场
483,10696,10779,20170703,小马宝莉中文版,49,0.49,动漫剧场
484,10696,10779,20170703,小马宝莉中文版,49,0.49,动漫剧场
485,10696,10779,20170703,小马宝莉中文版,49,0.49,动漫剧场
486,10696,10779,20170703,小马宝莉中文版,49,0.49,动漫剧场
487,10696,10779,20170703,小马宝莉中文版,49,0.49,动漫剧场
488,10696,10779,20170703,樱桃小丸子,49,0.49,动漫剧场
489,10696,10779,20170703,樱桃小丸子,49,0.49,动漫剧场
490,10696,10779,20170703,樱桃小丸子,49,0.49,动漫剧场
491,10696,10779,20170705,小马宝莉中文版,49,0.49,动漫剧场
492,10696,10779,20170705,小马宝莉中文版,49,0.49,动漫剧场
493,10696,10779,20170705,小马宝莉中文版,49,0.49,动漫剧场
494,10696,10779,20170707,小马宝莉中文版,49,0.49,动漫剧场
495,10696,10779,20170707,小马宝莉中文版,49,0.49,动漫剧场
496,10696,10779,20170707,小马宝莉中文版,49,0.49,动漫剧场
497,10696,10779,20170707,小马宝莉中文版,49,0.49,动漫剧场
498,10696,10779,20170707,小马宝莉中文版,49,0.49,动漫剧场
499,10696,10779,20170707,小马宝莉中文版,49,0.49,动漫剧场
500,10696,10779,20170707,小马宝莉中文版,49,0.49,动漫剧场
501,10696,10779,20170707,小马宝莉中文版,49,0.49,动漫剧场
502,10696,10779,20170707,小马宝莉中文版,49,0.49,动漫剧场
503,10696,10779,20170707,小马宝莉中文版,49,0.49,动漫剧场
504,10696,10779,20170708,小马宝莉中文版,49,0.49,动漫剧场
505,10696,10779,20170708,樱桃小丸子,49,0.49,动漫剧场
506,10696,10779,20170710,小马宝莉中文版,49,0.49,动漫剧场
507,10696,10779,20170712,小马宝莉中文版,49,0.49,动漫剧场
508,10696,10779,20170713,樱桃小丸子,49,0.49,动漫剧场
509,10696,10779,20170713,樱桃小丸子,49,0.49,动漫剧场
510,10696,10779,20170715,小马宝莉中文版,49,0.49,动漫剧场
511,10696,10779,20170715,小马宝莉中文版,49,0.49,动漫剧场
512,10696,10779,20170715,小马宝莉中文版,49,0.49,动漫剧场
513,10696,10779,20170715,小马宝莉中文版,49,0.49,动漫剧场
514,10696,10779,20170715,小马宝莉中文版,49,0.49,动漫剧场
515,10696,10779,20170715,小马宝莉中文版,49,0.49,动漫剧场
516,10696,10779,20170715,小马宝莉中文版,49,0.49,动漫剧场
517,10696,10779,20170715,小马宝莉中文版,49,0.49,动漫剧场
518,10696,10779,20170715,小马宝莉中文版,49,0.49,动漫剧场
519,10696,10779,20170715,小马宝莉中文版,49,0.49,动漫剧场
520,10696,10779,20170722,小马宝莉中文版,49,0.49,动漫剧场
521,10696,10779,20170722,小马宝莉中文版,49,0.49,动漫剧场
522,10696,10779,20170722,小马宝莉中文版,49,0.49,动漫剧场
523,10696,10779,20170722,小马宝莉中文版,49,0.49,动漫剧场
524,10696,10779,20170722,小马宝莉中文版,49,0.49,动漫剧场
525,10696,10779,20170723,小马宝莉中文版,49,0.49,动漫剧场
526,10696,10779,20170723,小马宝莉中文版,49,0.49,动漫剧场
527,10696,10779,20170723,小马宝莉中文版,49,0.49,动漫剧场
528,10696,10779,20170723,小马宝莉中文版,49,0.49,动漫剧场
529,10696,10779,20170723,魔卡少女樱,99,0.99,动漫剧场
530,10696,10779,20170723,魔卡少女樱,99,0.99,动漫剧场
531,10696,10779,20170723,小马宝莉中文版,49,0.49,动漫剧场
532,10696,10779,20170723,魔卡少女樱,99,0.99,动漫剧场
533,10696,10779,20170723,魔卡少女樱,99,0.99,动漫剧场
534,10696,10779,20170723,魔卡少女樱,99,0.99,动漫剧场
535,10696,10779,20170723,魔卡少女樱,99,0.99,动漫剧场
536,10696,10779,20170724,魔卡少女樱,99,0.99,动漫剧场
537,10696,10779,20170724,魔卡少女樱,99,0.99,动漫剧场
538,10696,10779,20170724,魔卡少女樱,99,0.99,动漫剧场
539,10696,10779,20170724,魔卡少女樱,99,0.99,动漫剧场
540,10696,10779,20170724,魔卡少女樱,99,0.99,动漫剧场
541,10696,10779,20170724,魔卡少女樱,99,0.99,动漫剧场
542,10696,10779,20170724,魔卡少女樱,99,0.99,动漫剧场
543,10696,10779,20170724,魔卡少女樱,99,0.99,动漫剧场
544,10696,10779,20170814,小马宝莉中文版,49,0.49,动漫剧场
545,10696,10779,20170814,小马宝莉中文版,49,0.49,动漫剧场
546,10696,10779,20170814,小马宝莉中文版,49,0.49,动漫剧场
547,10696,10779,20170814,小马宝莉中文版,49,0.49,动漫剧场
548,10696,10779,20170814,小马宝莉中文版,49,0.49,动漫剧场
549,10696,10779,20170814,小马宝莉中文版,49,0.49,动漫剧场
550,10696,10779,20170814,小马宝莉中文版,49,0.49,动漫剧场
551,10696,10779,20170814,小马宝莉中文版,49,0.49,动漫剧场
552,10696,10779,20170814,小马宝莉中文版,49,0.49,动漫剧场
553,10696,10779,20170814,小马宝莉中文版,49,0.49,动漫剧场
554,10696,10779,20170814,小马宝莉中文版,49,0.49,动漫剧场
555,10696,10779,20170814,小马宝莉中文版,49,0.49,动漫剧场
556,10696,10779,20170814,小马宝莉中文版,49,0.49,动漫剧场
557,10696,10779,20170814,小马宝莉中文版,49,0.49,动漫剧场
558,10696,10779,20170814,小马宝莉中文版,49,0.49,动漫剧场
559,10696,10779,20170814,小马宝莉中文版,49,0.49,动漫剧场
560,10696,10779,20170814,小马宝莉中文版,49,0.49,动漫剧场
561,10696,10779,20170814,小马宝莉中文版,49,0.49,动漫剧场
562,10696,10779,20170814,小马宝莉中文版,49,0.49,动漫剧场
563,10696,10779,20170814,小马宝莉中文版,49,0.49,动漫剧场
564,10696,10779,20170814,小马宝莉中文版,49,0.49,动漫剧场
565,10696,10779,20170814,小马宝莉中文版,49,0.49,动漫剧场
566,10696,10779,20170814,小马宝莉中文版,49,0.49,动漫剧场
567,10696,10779,20170814,小马宝莉中文版,49,0.49,动漫剧场
568,10696,10779,20170814,小马宝莉中文版,49,0.49,动漫剧场
569,10696,10779,20170814,小马宝莉中文版,49,0.49,动漫剧场
570,10696,10779,20170814,小马宝莉中文版,49,0.49,动漫剧场
571,10696,10779,20170814,小马宝莉中文版,49,0.49,动漫剧场
572,10696,10779,20170814,小马宝莉中文版,49,0.49,动漫剧场
573,10696,10779,20170815,小马宝莉中文版,49,0.49,动漫剧场
574,10696,10779,20170819,小马宝莉中文版,49,0.49,动漫剧场
575,10696,10779,20170819,小马宝莉中文版,49,0.49,动漫剧场
576,10696,10779,20170819,小马宝莉中文版,49,0.49,动漫剧场
577,10696,10779,20170819,小马宝莉中文版,49,0.49,动漫剧场
578,10696,10779,20170819,小马宝莉中文版,49,0.49,动漫剧场
579,10696,10779,20170819,小马宝莉中文版,49,0.49,动漫剧场
580,10696,10779,20170819,小马宝莉中文版,49,0.49,动漫剧场
581,10696,10779,20170819,小马宝莉中文版,49,0.49,动漫剧场
582,10696,10779,20170819,小马宝莉中文版,49,0.49,动漫剧场
583,10696,10779,20170820,魔卡少女樱,99,0.99,动漫剧场
584,10696,10779,20170820,魔卡少女樱,99,0.99,动漫剧场
585,10696,10779,20170820,魔卡少女樱,99,0.99,动漫剧场
586,10696,10779,20170820,魔卡少女樱,99,0.99,动漫剧场
587,10696,10779,20170820,魔卡少女樱,99,0.99,动漫剧场
588,10696,10779,20170820,魔卡少女樱,99,0.99,动漫剧场
589,10696,10779,20170820,魔卡少女樱,99,0.99,动漫剧场
590,10696,10779,20170820,魔卡少女樱,99,0.99,动漫剧场
591,10696,10779,20170822,小马宝莉中文版,49,0.49,动漫剧场
592,10696,10779,20170822,小马宝莉中文版,49,0.49,动漫剧场
593,10696,10779,20170824,小马宝莉中文版,49,0.49,动漫剧场
594,10696,10779,20170825,小马宝莉中文版,49,0.49,动漫剧场
595,10696,10779,20170825,小马宝莉中文版,49,0.49,动漫剧场
596,10696,10779,20170825,小马宝莉中文版,49,0.49,动漫剧场
597,10696,10779,20170825,小马宝莉中文版,49,0.49,动漫剧场
598,10696,10779,20170825,小马宝莉中文版,49,0.49,动漫剧场
599,10696,10779,20170825,小马宝莉中文版,49,0.49,动漫剧场
600,10696,10779,20170902,熊出没之夏日连连看,99,0.99,动漫剧场
601,10696,10779,20170902,熊出没之夏日连连看,99,0.99,动漫剧场
602,10696,10779,20170902,熊出没之夏日连连看,99,0.99,动漫剧场
603,10696,10779,20170902,熊出没之夏日连连看,99,0.99,动漫剧场
604,10696,10779,20170902,熊出没之夏日连连看,99,0.99,动漫剧场
605,10696,10779,20170902,熊出没之夏日连连看,99,0.99,动漫剧场
606,10696,10779,20170902,熊出没之夏日连连看,99,0.99,动漫剧场
607,10696,10779,20170902,熊出没之夏日连连看,99,0.99,动漫剧场
608,10696,10779,20170902,熊出没之夏日连连看,99,0.99,动漫剧场
609,10696,10779,20170922,小猪佩奇 第五季,99,0.99,动漫剧场
610,10696,10779,20170922,小猪佩奇 第五季,99,0.99,动漫剧场
611,10696,10779,20170922,小猪佩奇 第五季,99,0.99,动漫剧场
612,10696,10779,20170922,小猪佩奇 第五季,99,0.99,动漫剧场
613,10696,10779,20170922,一拳超人,99,0.99,动漫剧场
614,10696,10779,20170922,小猪佩奇 第五季,99,0.99,动漫剧场
615,10696,10779,20170922,小猪佩奇 第五季,99,0.99,动漫剧场
616,10696,10779,20170922,一拳超人,99,0.99,动漫剧场
617,10696,10779,20170922,一拳超人,99,0.99,动漫剧场
618,10696,10779,20170922,小猪佩奇 第五季,99,0.99,动漫剧场
619,10696,10779,20170922,小猪佩奇 第五季,99,0.99,动漫剧场
620,10696,10779,20170922,小猪佩奇 第五季,99,0.99,动漫剧场
621,10696,10779,20170923,一拳超人,99,0.99,动漫剧场
622,10696,10779,20170923,一拳超人,99,0.99,动漫剧场
623,10696,10779,20170923,一拳超人,99,0.99,动漫剧场
624,10696,10779,20170923,魔卡少女樱,99,0.99,动漫剧场
625,10696,10779,20170923,一拳超人,99,0.99,动漫剧场
626,10696,10779,20170923,一拳超人,99,0.99,动漫剧场
627,10696,10779,20170923,魔卡少女樱,99,0.99,动漫剧场
628,10696,10779,20170923,一拳超人,99,0.99,动漫剧场
629,10696,10779,20170923,魔卡少女樱,99,0.99,动漫剧场
630,10696,10779,20170923,魔卡少女樱,99,0.99,动漫剧场
631,10696,10779,20170923,一拳超人,99,0.99,动漫剧场
632,10696,10779,20170923,魔卡少女樱,99,0.99,动漫剧场
633,10696,10779,20170923,一拳超人,99,0.99,动漫剧场
634,10696,10779,20170924,魔卡少女樱,99,0.99,动漫剧场
635,10696,10779,20170924,魔卡少女樱,99,0.99,动漫剧场
636,10696,10779,20170924,魔卡少女樱,99,0.99,动漫剧场
637,10696,10779,20170924,魔卡少女樱,99,0.99,动漫剧场
638,10696,10779,20170924,魔卡少女樱,99,0.99,动漫剧场
639,10696,10779,20170924,魔卡少女樱,99,0.99,动漫剧场
640,10696,10779,20170924,魔卡少女樱,99,0.99,动漫剧场
641,10696,10779,20170924,魔卡少女樱,99,0.99,动漫剧场
642,10696,10779,20170924,魔卡少女樱,99,0.99,动漫剧场
643,10696,10779,20170924,魔卡少女樱,99,0.99,动漫剧场
644,10696,10779,20170924,魔卡少女樱,99,0.99,动漫剧场
645,10696,10779,20170924,魔卡少女樱,99,0.99,动漫剧场
646,10696,10779,20170924,魔卡少女樱,99,0.99,动漫剧场
647,10696,10779,20170924,魔卡少女樱,99,0.99,动漫剧场
648,10696,10779,20170924,魔卡少女樱,99,0.99,动漫剧场
649,10696,10779,20170926,一拳超人,99,0.99,动漫剧场
650,10697,10588,20170820,守卫者-浮出水面,99,0.99,精彩点
651,10697,10588,20170823,08月13日 熊出没之环球大冒险,49,0.49,精彩点
652,10743,11287,20170707,摔跤吧！爸爸,999,9.99,院线大片
653,10746,10184,20170731,火影忍者,99,0.99,动漫剧场
654,10746,10184,20170826,哆啦A梦：大雄的南极冰冰凉大冒险,999,9.99,院线大片
655,10750,10036,20170820,足球小将,49,0.49,动漫剧场
656,10750,10036,20170902,变形金刚 第一季,49,0.49,动漫剧场
657,10770,10684,20170822,哆啦A梦：大雄的南极冰冰凉大冒险,999,9.99,院线大片
658,10770,10684,20170828,你的名字,999,9.99,院线大片
659,10770,10684,20170904,绣春刀II：修罗战场,999,9.99,院线大片
660,10770,10684,20170908,新木乃伊,999,9.99,院线大片
661,10770,10684,20170916,鲛珠传,999,9.99,院线大片
662,10791,10600,20170804,速度与激情8,999,9.99,院线大片
663,10791,10600,20170913,三生三世十里桃花,999,9.99,院线大片
664,10838,10662,20170708,摔跤吧！爸爸,999,9.99,院线大片
665,10843,10572,20170702,异星觉醒,999,9.99,院线大片
666,10843,10572,20170909,新木乃伊,999,9.99,院线大片
667,10848,11106,20170707,中国课堂数学一年级上：乘车,99,0.99,少儿乐园
668,10848,11106,20170707,打电话,99,0.99,少儿乐园
669,10848,11106,20170707,我家住在大海边,99,0.99,少儿乐园
670,10848,11106,20170707,小学语文一年级：小母鸡种稻子,99,0.99,少儿乐园
671,10848,11106,20170708,奥特银河大怪兽之战,499,4.99,少儿乐园
672,10848,11106,20170709,神兽金刚 第一季,199,1.99,少儿乐园
673,10848,11106,20170709,变形金刚领袖之证,499,4.99,少儿乐园
674,10848,11106,20170715,奥特银河大怪兽之战,499,4.99,少儿乐园
675,10848,11106,20170715,爵士兔之奇幻之旅,199,1.99,少儿乐园
676,10848,11106,20170717,奥特银河大怪兽之战,499,4.99,少儿乐园
677,10848,11106,20170717,奥特银河大怪兽之战,499,4.99,少儿乐园
678,10848,11106,20170719,奥特银河大怪兽之战,499,4.99,少儿乐园
679,10848,11106,20170720,奥特银河大怪兽之战,499,4.99,少儿乐园
680,10848,11106,20170721,奥特银河大怪兽之战,499,4.99,少儿乐园
681,10853,10001,20170831,摔跤吧！爸爸,999,9.99,院线大片
682,10872,11235,20170816,你好，是鹿晗吗 2016：难说再见《你好，是鹿晗吗》最终集收官,99,0.99,热门影视
683,10872,11235,20170816,你好，是鹿晗吗 2016：鹿晗自曝吃货属性狂送福利,99,0.99,热门影视
684,10872,11235,20170816,你好，是鹿晗吗 2016：耿直鹿晗现场求约粉丝嗨翻,99,0.99,热门影视
685,10872,11235,20170817,你好，是鹿晗吗 2016：鹿BOSS为巡演亲自召开筹备会,99,0.99,热门影视
686,10889,10298,20170802,异星觉醒,999,9.99,院线大片
687,10891,11040,20170729,摔跤吧！爸爸,999,9.99,院线大片
688,10891,11040,20170910,新木乃伊,999,9.99,院线大片
689,10907,10246,20170721,小猪佩奇 第四季,99,0.99,动漫剧场
690,10910,10425,20170716,拆弹专家,999,9.99,院线大片
691,10929,10703,20170805,速度与激情8,999,9.99,院线大片
692,10929,10703,20170903,银河护卫队2,999,9.99,院线大片
693,10929,10703,20170905,悟空传,999,9.99,院线大片
694,10929,10703,20170910,新木乃伊,999,9.99,院线大片
695,10935,10146,20170709,摔跤吧！爸爸,999,9.99,院线大片
696,10935,10146,20170820,美女与野兽,999,9.99,院线大片
697,10936,11219,20170825,速度与激情8,999,9.99,院线大片
698,10936,11219,20170828,银河护卫队2,999,9.99,院线大片
699,10936,11219,20170925,新木乃伊,999,9.99,院线大片
700,10944,10781,20170701,博人传 火影忍者新时代,99,0.99,动漫剧场
701,10944,10781,20170701,食戟之灵 第二季,99,0.99,动漫剧场
702,10944,10781,20170718,十万个冷笑话 第三季,99,0.99,动漫剧场
703,10944,10781,20170810,在下坂本，有何贵干？,99,0.99,动漫剧场
704,10944,10781,20170810,在下坂本，有何贵干？,99,0.99,动漫剧场
705,10944,10781,20170811,在下坂本，有何贵干？,99,0.99,动漫剧场
706,10944,10781,20170811,在下坂本，有何贵干？,99,0.99,动漫剧场
707,10965,11092,20170706,摔跤吧！爸爸,999,9.99,院线大片
708,10965,11092,20170909,三生三世十里桃花,999,9.99,院线大片
709,10965,11092,20170923,哆啦A梦：大雄的南极冰冰凉大冒险,999,9.99,院线大片
710,10994,10115,20170917,拆弹专家,999,9.99,院线大片
711,11002,10652,20170807,速度与激情8,999,9.99,院线大片
712,11021,10010,20170730,摔跤吧！爸爸,999,9.99,院线大片
713,11021,10010,20170903,雄狮,999,9.99,院线大片
714,11031,10777,20170807,速度与激情8,999,9.99,院线大片
715,11039,10460,20170820,神兽金刚 第一季,199,1.99,少儿乐园
716,11039,10460,20170820,神兽金刚 第一季,199,1.99,少儿乐园
717,11040,11310,20170702,神兽金刚 第一季,199,1.99,少儿乐园
718,11040,11310,20170702,神兽金刚 第一季,199,1.99,少儿乐园
719,11040,11310,20170702,奥特银河大怪兽之战,499,4.99,少儿乐园
720,11040,11310,20170702,06月01日 超级飞侠三,49,0.49,精彩点
721,11040,11310,20170702,神兽金刚 第一季,199,1.99,少儿乐园
722,11040,11310,20170702,奥特银河大怪兽之战,499,4.99,少儿乐园
723,11040,11310,20170702,06月06日 超级飞侠三,49,0.49,精彩点
724,11040,11310,20170729,07月28日 神兽金刚,49,0.49,精彩点
725,11040,11310,20170729,06月23日 神兽金刚,49,0.49,精彩点
726,11040,11310,20170729,07月10日 神兽金刚,49,0.49,精彩点
727,11040,11310,20170813,07月07日 疯狂小糖,49,0.49,精彩点
728,11042,10767,20170705,06月06日 超级飞侠三,49,0.49,精彩点
729,11042,10767,20170705,奔跑吧兄弟 第二季,99,0.99,精彩点
730,11042,10767,20170706,06月07日 熊熊乐园,49,0.49,精彩点
731,11042,10767,20170706,07月03日 熊熊乐园,49,0.49,精彩点
732,11042,10767,20170706,07月02日 熊熊乐园,49,0.49,精彩点
733,11042,10767,20170712,06月28日 新大头儿子和小头爸爸,49,0.49,精彩点
734,11042,10767,20170723,07月21日 熊熊乐园,49,0.49,精彩点
735,11042,10767,20170727,07月23日 大耳朵图图彩色小世界,49,0.49,精彩点
736,11042,10767,20170730,07月26日 小猪佩奇,49,0.49,精彩点
737,11042,10767,20170730,07月25日 小猪佩奇,49,0.49,精彩点
738,11042,10767,20170731,07月29日 小猪佩奇,49,0.49,精彩点
739,11042,10767,20170731,07月23日 大耳朵图图彩色小世界,49,0.49,精彩点
740,11042,10767,20170803,08月03日 小猪佩奇,49,0.49,精彩点
741,11042,10767,20170803,08月02日 小猪佩奇,49,0.49,精彩点
742,11042,10767,20170806,07月25日 小猪佩奇,49,0.49,精彩点
743,11042,10767,20170806,08月06日 小猪佩奇,49,0.49,精彩点
744,11042,10767,20170806,07月26日 小猪佩奇,49,0.49,精彩点
745,11042,10767,20170806,08月05日 小猪佩奇,49,0.49,精彩点
746,11042,10767,20170806,08月02日 小猪佩奇,49,0.49,精彩点
747,11042,10767,20170806,08月04日 小猪佩奇,49,0.49,精彩点
748,11042,10767,20170807,大军师司马懿之军师联盟,99,0.99,精彩点
749,11042,10767,20170807,08月07日 小猪佩奇,49,0.49,精彩点
750,11042,10767,20170807,08月03日 小猪佩奇,49,0.49,精彩点
751,11042,10767,20170808,07月29日 小猪佩奇,49,0.49,精彩点
752,11042,10767,20170808,07月28日 小猪佩奇,49,0.49,精彩点
753,11042,10767,20170808,07月26日 小猪佩奇,49,0.49,精彩点
754,11042,10767,20170808,08月01日 小猪佩奇,49,0.49,精彩点
755,11042,10767,20170808,大军师司马懿之军师联盟,99,0.99,精彩点
756,11042,10767,20170808,08月08日 小猪佩奇,49,0.49,精彩点
757,11042,10767,20170809,08月03日 小猪佩奇,49,0.49,精彩点
758,11042,10767,20170809,08月09日 小猪佩奇,49,0.49,精彩点
759,11042,10767,20170809,08月04日 小猪佩奇,49,0.49,精彩点
760,11042,10767,20170810,08月10日 小猪佩奇,49,0.49,精彩点
761,11042,10767,20170810,大军师司马懿之军师联盟,99,0.99,精彩点
762,11042,10767,20170814,08月04日 熊熊乐园,49,0.49,精彩点
763,11042,10767,20170814,08月05日 熊熊乐园,49,0.49,精彩点
764,11042,10767,20170814,07月19日 熊熊乐园,49,0.49,精彩点
765,11042,10767,20170814,07月18日 熊熊乐园,49,0.49,精彩点
766,11042,10767,20170815,08月08日 小猪佩奇,49,0.49,精彩点
767,11042,10767,20170815,08月06日 熊熊乐园,49,0.49,精彩点
768,11042,10767,20170815,08月09日 小猪佩奇,49,0.49,精彩点
769,11042,10767,20170815,巴啦啦小魔仙音符之谜,49,0.49,精彩点
770,11042,10767,20170815,08月07日 小猪佩奇,49,0.49,精彩点
771,11042,10767,20170817,07月25日 小猪佩奇,49,0.49,精彩点
772,11042,10767,20170817,巴啦啦小魔仙音符之谜,49,0.49,精彩点
773,11042,10767,20170817,07月31日 小猪佩奇,49,0.49,精彩点
774,11042,10767,20170818,憨豆先生动画版 第二季,49,0.49,精彩点
775,11042,10767,20170818,憨豆先生动画版 第二季,49,0.49,精彩点
776,11042,10767,20170818,巴啦啦小魔仙音符之谜,49,0.49,精彩点
777,11042,10767,20170818,巴啦啦小魔仙音符之谜,49,0.49,精彩点
778,11042,10767,20170823,06月24日 棉花糖和云朵妈妈,49,0.49,精彩点
779,11042,10767,20170823,08月12日 小猪佩奇,49,0.49,精彩点
780,11042,10767,20170824,憨豆先生动画版 第二季,49,0.49,精彩点
781,11042,10767,20170824,憨豆先生动画版 第二季,49,0.49,精彩点
782,11042,10767,20170828,憨豆先生动画版 第二季,49,0.49,精彩点
783,11042,10767,20170908,08月13日 汪汪队立大功,49,0.49,精彩点
784,11042,10767,20170908,07月16日 汪汪队立大功,49,0.49,精彩点
785,11042,10767,20170910,大头儿子和小头爸爸,49,0.49,精彩点
786,11042,10767,20170910,07月23日 大耳朵图图彩色小世界,49,0.49,精彩点
787,11042,10767,20170910,大头儿子和小头爸爸,49,0.49,精彩点
788,11042,10767,20170910,大头儿子和小头爸爸,49,0.49,精彩点
789,11042,10767,20170917,08月19日 汪汪队立大功,49,0.49,精彩点
790,11056,11282,20170811,速度与激情8,999,9.99,院线大片
791,11076,11233,20170803,大军师司马懿之军师联盟,99,0.99,精彩点
792,11085,10224,20170813,摔跤吧！爸爸,999,9.99,院线大片
793,11121,10230,20170813,卡斯波和丽莎厨房大灾难,199,1.99,少儿乐园
794,11207,10352,20170828,银河护卫队2,999,9.99,院线大片
795,11220,10299,20170820,盖亚奥特曼,49,0.49,动漫剧场
796,11222,10195,20170731,地狱男爵,499,4.99,精彩点
797,11239,10040,20170730,速度与激情8,999,9.99,院线大片
798,11239,10040,20170820,摔跤吧！爸爸,999,9.99,院线大片
799,11239,10040,20170826,女间谍,999,9.99,院线大片
800,11244,10133,20170823,我们的爱,99,0.99,精彩点
801,11244,10133,20170823,我们的爱,99,0.99,精彩点
802,11244,10133,20170824,我们的爱,99,0.99,精彩点
803,11244,10133,20170901,那年花开月正圆,99,0.99,精彩点
804,11244,10133,20170901,那年花开月正圆,99,0.99,精彩点
805,11244,10133,20170901,那年花开月正圆,99,0.99,精彩点
806,11244,10133,20170901,那年花开月正圆,99,0.99,精彩点
807,11244,10133,20170902,那年花开月正圆,99,0.99,精彩点
808,11244,10133,20170902,那年花开月正圆,99,0.99,精彩点
809,11244,10133,20170903,那年花开月正圆,99,0.99,精彩点
810,11244,10133,20170903,那年花开月正圆,99,0.99,精彩点
811,11244,10133,20170908,那年花开月正圆,99,0.99,精彩点
812,11244,10133,20170910,那年花开月正圆,99,0.99,精彩点
813,11244,10133,20170910,那年花开月正圆,99,0.99,精彩点
814,11244,10133,20170912,那年花开月正圆,99,0.99,精彩点
815,11244,10133,20170916,那年花开月正圆,99,0.99,精彩点
816,11244,10133,20170916,那年花开月正圆,99,0.99,精彩点
817,11244,10133,20170920,那年花开月正圆,99,0.99,精彩点
818,11244,10133,20170920,那年花开月正圆,99,0.99,精彩点
819,11244,10133,20170921,那年花开月正圆,99,0.99,精彩点
820,11244,10133,20170926,那年花开月正圆,99,0.99,精彩点
821,11244,10133,20170927,那年花开月正圆,99,0.99,精彩点
822,11244,10133,20170927,那年花开月正圆,99,0.99,精彩点
823,11244,10133,20170929,那年花开月正圆,99,0.99,精彩点
824,11260,11258,20170807,摔跤吧！爸爸,999,9.99,院线大片
825,11262,10265,20170902,京城81号2,999,9.99,院线大片
826,11270,11276,20170710,摔跤吧！爸爸,999,9.99,院线大片
827,11270,11276,20170718,吃吃的爱,999,9.99,院线大片
828,11270,11276,20170803,拆弹专家,999,9.99,院线大片
829,11270,11276,20170803,速度与激情8,999,9.99,院线大片
830,11270,11276,20170804,生化危机：终章,999,9.99,院线大片
831,11270,11276,20170814,摔跤吧！爸爸,999,9.99,院线大片
832,11270,11276,20170828,嫌疑人X的献身,999,9.99,院线大片
833,11271,10782,20170723,嫌疑人X的献身,999,9.99,院线大片
834,11271,10782,20170803,春娇救志明,999,9.99,院线大片
835,11325,11248,20170715,血狼犬,999,9.99,院线大片
